{
  "data":[
      {
          "previewImageSrc": "https://images.copts-united.com/uploads/3145/59_20171011135230.jpg",
          "thumbnailImageSrc": "https://images.copts-united.com/uploads/3145/59_20171011135230.jpg",
          "alt": "Description for Image 1",
          "title": "Title 1"
      },
      {
          "previewImageSrc": "https://s.france24.com/media/display/32cd4a26-f735-11e8-9d7a-005056bff430/w:1280/p:16x9/eglise-copte-egypte.webp",
          "thumbnailImageSrc": "https://s.france24.com/media/display/32cd4a26-f735-11e8-9d7a-005056bff430/w:1280/p:16x9/eglise-copte-egypte.webp",
          "alt": "Description for Image 2",
          "title": "Title 2"
      },
      {
          "previewImageSrc": "https://www.christianlib.com/wp-content/uploads/2018/06/tari5-el-knisa-el-kbtya-p1.jpg",
          "thumbnailImageSrc": "https://www.christianlib.com/wp-content/uploads/2018/06/tari5-el-knisa-el-kbtya-p1.jpg",
          "alt": "Description for Image 3",
          "title": "Title 3"
      },{
        "previewImageSrc": "https://images.copts-united.com/uploads/3145/59_20171011135230.jpg",
        "thumbnailImageSrc": "https://images.copts-united.com/uploads/3145/59_20171011135230.jpg",
        "alt": "Description for Image 1",
        "title": "Title 1"
    },
    {
        "previewImageSrc": "https://images.copts-united.com/uploads/3145/59_20171011135230.jpg",
        "thumbnailImageSrc": "https://images.copts-united.com/uploads/3145/59_20171011135230.jpg",
        "alt": "Description for Image 2",
        "title": "Title 2"
    },
    {
        "previewImageSrc": "https://images.copts-united.com/uploads/3145/59_20171011135230.jpg",
        "thumbnailImageSrc": "https://images.copts-united.com/uploads/3145/59_20171011135230.jpg",
        "alt": "Description for Image 3",
        "title": "Title 3"
    },
    {
      "previewImageSrc": "https://images.copts-united.com/uploads/3145/59_20171011135230.jpg",
      "thumbnailImageSrc": "https://images.copts-united.com/uploads/3145/59_20171011135230.jpg",
      "alt": "Description for Image 1",
      "title": "Title 1"
  },
  {
      "previewImageSrc": "https://images.copts-united.com/uploads/3145/59_20171011135230.jpg",
      "thumbnailImageSrc": "https://images.copts-united.com/uploads/3145/59_20171011135230.jpg",
      "alt": "Description for Image 2",
      "title": "Title 2"
  },
  {
      "previewImageSrc": "https://images.copts-united.com/uploads/3145/59_20171011135230.jpg",
      "thumbnailImageSrc": "https://images.copts-united.com/uploads/3145/59_20171011135230.jpg",
      "alt": "Description for Image 3",
      "title": "Title 3"
  }
  ]
}
